"","N.Valid","Mean","Std.Dev","Skewness","Kurtosis"
"NATARMS",1141,1.93865030674847,0.767603654051116,0.104427152927705,-1.29842312819411
"NATENRGY",2234,1.50402864816473,0.63360997091115,0.877085917513691,-0.287912418634082
"NATENVIR",1157,1.38893690579084,0.617631927261513,1.34039648475734,0.663611741634128
"NATSCI",2209,1.64282480760525,0.638863905156521,0.481430369193299,-0.680822105080208
"POLVIEWS",2247,4.04895416110369,1.49957177655352,-0.0960798221262297,-0.481008715289557
