"","variable","PRES16","n.valid","mean","sd"
"1","NATENRGY","CLINTON",735,1.3687074829932,0.573103164539779
"2","NATENRGY","TRUMP",559,1.68872987477639,0.705634006856798
"3","NATSCI","CLINTON",728,1.51373626373626,0.597867182835572
"4","NATSCI","TRUMP",540,1.72592592592593,0.638058623575301
"5","POLVIEWS","CLINTON",743,3.29878869448183,1.33361520989605
"6","POLVIEWS","TRUMP",565,5.16991150442478,1.25314391552036
